Name,portfolio
JOHN DOE,SECRETARY
JANE SMITH,HEAD
BOB JOHNSON,COORDINATOR
ALICE WILLIAMS,COORDINATOR
EVA DAVIS,COORDINATOR
MICHAEL WILSON,VOLUNTEER
SAMANTHA BROWN,VOLUNTEER
DAVID MILLER,VOLUNTEER
OLIVIA JOHNSON,COORDINATOR
MATTHEW WHITE,COORDINATOR
EMILY CLARK,VOLUNTEER
CHRISTOPHER HALL,COORDINATOR
SOPHIA LEE,COORDINATOR
DANIEL TAYLOR,VOLUNTEER
GRACE MOORE,HEAD
ANDREW ANDERSON,VOLUNTEER
AVA HARRIS,COORDINATOR
WILLIAM SCOTT,VOLUNTEER
EMMA THOMAS,COORDINATOR
RYAN ROBINSON,VOLUNTEER
ELLA MARTINEZ,COORDINATOR
BRANDON BAKER,VOLUNTEER
LILY MARTIN,COORDINATOR
JUSTIN GARCIA,VOLUNTEER
CHLOE DAVIS,COORDINATOR
ETHAN HERNANDEZ,VOLUNTEER
AMELIA LEWIS,COORDINATOR
CALEB JACKSON,VOLUNTEER
MADISON YOUNG,VOLUNTEER
NATHAN TURNER,COORDINATOR
AVERY BROWN,COORDINATOR
HANNAH MOORE,HEAD
CARTER PEREZ,VOLUNTEER
LAYLA MITCHELL,COORDINATOR
JAYDEN GREEN,COORDINATOR
ABIGAIL HILL,VOLUNTEER
LOGAN NELSON,VOLUNTEER
GRACE RIVERA,COORDINATOR
ISAAC ADAMS,COORDINATOR
ARIA BAKER,VOLUNTEER
OWEN BELL,COORDINATOR
ELIZABETH CARTER,VOLUNTEER
JOSHUA KING,COORDINATOR
ADDISON HAYES,VOLUNTEER
LUKE WARD,COORDINATOR
LEAH FISHER,VOLUNTEER
CHRISTOPHER TORRES,COORDINATOR
ZOE SCOTT,VOLUNTEER
HENRY CAMPBELL,COORDINATOR
LILLIAN MURPHY,VOLUNTEER
JACKSON WRIGHT,COORDINATOR
EVELYN REED,VOLUNTEER
JACK COX,COORDINATOR
MIA TURNER,COORDINATOR
LUCAS REED,VOLUNTEER
PENELOPE PARKER,COORDINATOR
ALEXANDER LOPEZ,VOLUNTEER
SCARLETT NELSON,COORDINATOR
BENJAMIN COX,VOLUNTEER
AUBREY PHILLIPS,VOLUNTEER
NICHOLAS POWELL,COORDINATOR
AVA LEWIS,COORDINATOR
JULIAN ALLEN,VOLUNTEER
VIOLET WOOD,COORDINATOR
ELIJAH GARCIA,VOLUNTEER
NORA BENNETT,COORDINATOR
GABRIEL MORRIS,COORDINATOR
SOFIA JOHNSON,VOLUNTEER
MAXWELL PERRY,COORDINATOR
ELLA HALL,VOLUNTEER
MASON ADAMS,COORDINATOR
AVERY GONZALEZ,VOLUNTEER
MADISON TURNER,COORDINATOR
EVAN MURPHY,VOLUNTEER
HAZEL WARD,COORDINATOR
ZACHARY BELL,VOLUNTEER
ARIA HALL,COORDINATOR
CONNOR ALLEN,VOLUNTEER
STELLA HUGHES,COORDINATOR
LINCOLN FOSTER,COORDINATOR
NOVA THOMPSON,VOLUNTEER
CAMERON DIAZ,VOLUNTEER
ARIANA BRYANT,COORDINATOR
JOHNATHAN MORGAN,COORDINATOR
SKYLAR ROSS,COORDINATOR
SOPHIE MURPHY,VOLUNTEER
MASON BAKER,COORDINATOR
HARPER DAVIS,VOLUNTEER
LUCAS ROBINSON,COORDINATOR
